Cycle,Voltage,Current,Temperature,Waktu,SOH,Combined,RUL
1,4.201,5.0,30.4,3188,100.0,318800.0,95.04950495049505
2,4.201,5.0,30.4,3186,100.0,318600.0,95.04950495049505
3,4.2,5.0,31.5,3182,99.75250000000014,317412.4550000004,93.62376237623762
4,4.2,5.0,31.4,3182,99.75250000000014,317412.4550000004,93.62376237623762
5,4.189,5.0,31.6,3118,97.03000000000011,302539.5400000004,91.24752475247524
6,4.185,5.0,32.4,3118,96.03999999999999,299452.72,91.24752475247524
7,4.181,5.0,33.9,3116,95.0500000000001,296175.8000000003,90.29702970297029
8,4.179,5.0,31.1,3114,94.55500000000015,294444.2700000005,89.34653465346534
9,4.177,5.0,33.3,3114,94.05999999999999,292902.83999999997,88.39603960396039
10,4.173,5.0,30.1,3113,93.07000000000009,289726.91000000027,87.44554455445544
11,4.171,5.0,30.1,3113,92.57500000000014,288185.97500000044,87.44554455445544
12,4.168,5.0,30.1,3110,91.83250000000012,285599.07500000036,85.54455445544555
13,4.163,5.0,30.1,3110,90.59500000000014,281750.4500000004,83.64356435643565
14,4.16,5.0,31.5,3109,89.8525000000001,279351.42250000034,83.64356435643565
15,4.149,5.0,30.6,3105,87.13000000000008,270538.65000000026,82.6930693069307
16,4.147,5.0,30.4,3105,86.63500000000013,269001.6750000004,81.74257425742574
17,4.144,5.0,30.9,3105,85.8925000000001,266696.2125000003,80.79207920792079
18,4.141,5.0,32.3,3105,85.15000000000006,264390.7500000002,79.84158415841584
19,4.138,5.0,31.5,3103,84.40750000000004,261916.47250000012,77.94059405940594
20,4.135,5.0,30.9,3103,83.665,259612.49500000002,77.94059405940594
21,4.132,5.0,32.3,3101,82.92249999999999,257142.67249999996,76.99009900990099
22,4.129,5.0,33.3,3094,82.17999999999995,254264.91999999984,76.03960396039604
23,4.126,5.0,33.9,3092,81.43750000000016,251804.7500000005,75.0891089108911
24,4.124,5.0,30.1,3088,80.94249999999998,249950.43999999994,74.13861386138615
25,4.121,5.0,30.1,3087,80.20000000000017,247577.40000000055,73.1881188118812
26,4.12,5.0,30.4,3085,79.9525000000001,246653.4625000003,72.23762376237624
27,4.119,5.0,31.4,3073,79.70500000000001,244933.46500000003,72.23762376237624
28,4.117,5.0,32.4,3067,79.21000000000006,242937.0700000002,70.33663366336634
29,4.114,5.0,30.1,3061,78.46750000000004,240189.01750000013,69.38613861386139
30,4.111,5.0,31.5,3060,77.72500000000001,237838.50000000003,68.43564356435644
31,4.11,5.0,33.3,3027,77.47750000000013,234524.3925000004,68.43564356435644
32,4.098,5.0,31.5,2979,74.50750000000002,221957.84250000006,65.58415841584159
33,4.096,5.0,31.1,2978,74.01250000000007,220409.2250000002,65.58415841584159
34,4.095,5.0,30.9,2978,73.765,219672.17,65.58415841584159
35,4.092,5.0,32.3,2976,73.02249999999997,217314.9599999999,63.68316831683168
36,4.091,5.0,30.4,2976,72.7750000000001,216578.4000000003,62.73267326732673
37,4.09,5.0,30.7,2975,72.52750000000002,215769.31250000006,61.78217821782178
38,4.038,5.0,33.1,2969,59.6575000000001,177123.11750000028,60.831683168316836
39,4.032,5.0,34.9,2969,58.17250000000004,172714.1525000001,59.881188118811885
40,4.017,5.0,32.3,2968,54.460000000000115,161637.28000000035,58.93069306930693
41,4.014,5.0,34.9,2968,53.717500000000086,159433.54000000027,58.93069306930693
42,4.011,5.0,32.4,2967,52.97500000000006,157176.8250000002,57.02970297029703
43,3.979,5.0,32.8,2962,45.05500000000004,133452.91000000012,55.12871287128713
44,3.975,5.0,33.8,2962,44.06500000000004,130520.53000000012,55.12871287128713
45,3.958,5.0,31.1,2958,39.85750000000006,117898.48500000018,54.178217821782184
46,3.954,5.0,32.7,2958,38.86750000000006,114970.06500000016,52.27722772277228
47,3.951,5.0,30.1,2958,38.12500000000003,112773.75000000009,52.27722772277228
48,3.949,5.0,31.1,2957,37.629999999999974,111271.90999999993,50.37623762376238
49,3.947,5.0,30.0,2957,37.135000000000026,109808.19500000008,50.37623762376238
50,3.942,5.0,29.1,2957,35.89750000000005,106148.90750000015,49.42574257425743
51,3.939,5.0,28.9,2956,35.15500000000002,103918.18000000007,48.475247524752476
52,3.937,5.0,30.3,2956,34.65999999999997,102454.9599999999,47.524752475247524
53,3.931,5.0,30.9,2956,33.17500000000002,98065.30000000006,46.57425742574257
54,3.918,5.0,28.9,2953,29.957500000000035,88464.4975000001,45.62376237623763
55,3.916,5.0,30.3,2948,29.46249999999998,86855.44999999994,44.67326732673268
56,3.913,5.0,30.7,2947,28.71999999999995,84637.83999999985,43.722772277227726
57,3.911,5.0,30.3,2945,28.225000000000005,83122.62500000001,42.772277227722775
58,3.909,5.0,29.1,2941,27.729999999999947,81553.92999999985,41.82178217821782
59,3.906,5.0,30.0,2936,26.98750000000003,79235.30000000009,40.87128712871287
60,3.906,5.0,32.7,2932,26.98750000000003,79127.35000000008,39.92079207920792
61,3.905,5.0,31.5,2924,26.73999999999995,78187.75999999985,38.97029702970298
62,3.904,5.0,33.8,2917,26.492499999999975,77278.62249999992,38.019801980198025
63,3.902,5.0,30.7,2911,25.99750000000003,75678.72250000009,36.11881188118812
64,3.901,5.0,28.9,2902,25.749999999999947,74726.49999999984,36.11881188118812
65,3.9,5.0,31.5,2895,25.50249999999997,73829.73749999992,35.16831683168317
66,3.898,5.0,30.3,2889,25.00750000000003,72246.66750000008,34.21782178217822
67,3.897,5.0,32.7,2885,24.75999999999994,71432.59999999983,33.26732673267327
68,3.895,5.0,30.0,2885,24.264999999999997,70004.525,33.26732673267327
69,3.892,5.0,28.9,2883,23.52249999999997,67815.3674999999,31.366336633663366
70,3.89,5.0,30.4,2881,23.02750000000002,66342.22750000007,30.415841584158414
71,3.889,5.0,28.9,2878,22.77999999999994,65560.83999999984,29.465346534653463
72,3.887,5.0,29.1,2875,22.28499999999999,64069.37499999997,28.51485148514851
73,3.884,5.0,30.3,2874,21.54249999999996,61913.14499999989,27.56435643564356
74,3.881,5.0,29.9,2872,20.799999999999933,59737.59999999981,26.613861386138623
75,3.878,5.0,30.4,2871,20.057500000000015,57585.08250000004,25.663366336633672
76,3.878,5.0,30.8,2870,20.057500000000015,57565.025000000045,24.71287128712872
77,3.876,5.0,31.1,2868,19.56249999999996,56105.24999999989,22.811881188118818
78,3.874,5.0,31.5,2867,19.067500000000013,54666.522500000036,22.811881188118818
79,3.871,5.0,31.8,2865,18.32499999999998,52501.12499999995,21.861386138613867
80,3.869,5.0,32.2,2862,17.830000000000037,51029.46000000011,19.960396039603964
81,3.867,5.0,30.3,2861,17.334999999999983,49595.434999999954,19.960396039603964
82,3.864,5.0,32.7,2860,16.59249999999995,47454.54999999986,19.009900990099013
83,3.86,5.0,30.7,2858,15.602499999999951,44591.94499999986,18.05940594059406
84,3.858,5.0,28.9,2857,15.107500000000003,43162.12750000001,17.10891089108911
85,3.857,5.0,31.5,2853,14.860000000000031,42395.58000000009,16.15841584158416
86,3.852,5.0,33.3,2851,13.622499999999944,38837.74749999984,16.15841584158416
87,3.839,5.0,31.5,2847,10.404999999999966,29623.0349999999,14.257425742574256
88,3.837,5.0,30.4,2845,9.91000000000002,28193.950000000055,13.306930693069305
89,3.835,5.0,31.5,2844,9.414999999999964,26776.259999999897,12.356435643564367
90,3.832,5.0,30.0,2842,8.672499999999935,24647.244999999817,11.405940594059416
91,3.831,5.0,28.9,2841,8.424999999999962,23935.42499999989,9.504950495049513
92,3.83,5.0,32.7,2840,8.177499999999988,23224.099999999966,9.504950495049513
93,3.829,5.0,31.5,2839,7.930000000000016,22513.270000000044,8.554455445544562
94,3.826,5.0,33.8,2837,7.187499999999987,20390.937499999964,7.603960396039611
95,3.822,5.0,33.1,2835,6.197499999999984,17569.912499999955,6.653465346534659
96,3.818,5.0,34.9,2832,5.207499999999982,14747.639999999948,5.702970297029708
97,3.815,5.0,30.6,2831,4.464999999999953,12640.414999999866,4.752475247524757
98,3.813,5.0,30.4,2828,3.9700000000000064,11227.160000000018,4.752475247524757
99,3.811,5.0,30.9,2824,3.4749999999999504,9813.39999999986,2.851485148514854
100,3.807,5.0,28.9,2822,2.4849999999999484,7012.669999999855,1.9009900990099027
101,3.803,5.0,30.3,2819,1.4949999999999461,4214.404999999848,0.0
102,3.801,5.0,29.1,2818,1.0,2818.0,0.0
